consensusMotif,updatedMotif,motifType,binary,experimentsDone,sequenceUsedInExperiment,Novel
AAUAAA,AAUAAA,UTR3,TRUE,FALSE,,PolyASignal
ACAAGUC,ACAAGUC,UTR3,FALSE,FALSE,,
ACACUA,ACACUA,UTR3,FALSE,FALSE,,QKI
ACCAAA,ACCAAA,UTR3,FALSE,FALSE,,RBMX
ACUCUG,ACUCUG,UTR3,FALSE,FALSE,,
AUGAGAC,AUGAGAC,UTR3,FALSE,FALSE,,
AUUUUUA,AUUUUUA,UTR3,FALSE,FALSE,,AURich
CAAACAGA,CAAACAGA,UTR3,FALSE,FALSE,,
CCAAAG,CCAAAG,UTR3,FALSE,FALSE,,
CCUGUA,CCUGUA,UTR3,FALSE,FALSE,,SRP14
CGUGUGG,CGUGUGG,UTR3,FALSE,FALSE,,
CUCAGG,CUCAGG,UTR3,FALSE,FALSE,,
GGGCUGCG,GGGCUGCG,UTR3,FALSE,FALSE,,MBNL1
GGAGCC,GGAGCC,UTR3,FALSE,FALSE,,HNRNPA1
GGCCCCUG,GGCCCCUG,UTR3,FALSE,TRUE,GGCCCCUG,SRSF2
UACUAAGA,UACUAAGA,UTR3,FALSE,TRUE,UACUAAGA,
UAUGCA,UAUGCA,UTR3,FALSE,FALSE,,
UAUUUAU,UAUUUAU,UTR3,FALSE,TRUE,UAUUUAU,AURich
UGUAAAUA,UGUAAAUA,UTR3,FALSE,TRUE,UGUAAAUA,PUM1
UUCUGAG,UUCUGAG,UTR3,FALSE,FALSE,,
AACUU,AACUU,UTR5,FALSE,FALSE,,SRSF3
ACCUGC,ACCUGC,UTR5,FALSE,FALSE,,
AGCAAC,AGCAAC,UTR5,FALSE,FALSE,,
AGCCCCC,AGCCCCC,UTR5,FALSE,FALSE,,
AGCGGAA,AGCGGAA,UTR5,FALSE,FALSE,,
AUG,AUG,UTR5,TRUE,TRUE,AUG,
CACGU,CACGU,UTR5,FALSE,TRUE,CACGU,SRSF1
CAGAC,CAGAC,UTR5,FALSE,FALSE,,ENOX1
CCCACCC,CCCACCC,UTR5,FALSE,TRUE,CCCACCC,PCBP1
CCGUGGG,CCGUGGG,UTR5,FALSE,FALSE,,SRSF1
CCUUGGA,CCUUGGA,UTR5,FALSE,FALSE,,
CGGAAG,CGGAAG,UTR5,FALSE,FALSE,,LIN28A
CUCUGAG,CUCUGAG,UTR5,FALSE,FALSE,,
CUCUUUC,CUCUUUC,UTR5,FALSE,FALSE,,
CUGGGAGC,CUGGGAGC,UTR5,FALSE,FALSE,,
CUGUCCU,CUGUCCU,UTR5,FALSE,TRUE,CUGUCCU,
GAUAC,GAUAC,UTR5,FALSE,FALSE,,
GCCGCC,GCCGCC,UTR5,FALSE,FALSE,,
GGCGCCCG,GGCGCCCG,UTR5,FALSE,TRUE,GGCGCCCG,
GUGGGAA,GUGGGAA,UTR5,FALSE,FALSE,,
UACAGG,UACAGG,UTR5,FALSE,FALSE,,SRSF6
UCGAC,UCGAC,UTR5,FALSE,FALSE,,
UCUGGGA,UCUGGGA,UTR5,FALSE,FALSE,,
UGACCU,UGACCU,UTR5,FALSE,FALSE,,NOVA2
UUCCG,UUCCG,UTR5,FALSE,TRUE,UUCCGUUCCG,SRSF2